,LU,LDL,LUSparse,LDLSparse,NullSpace,RangeSpace
500,0.03445765100150311,0.0236043429995334,0.008046382999964408,0.00687526000001526,0.035981801000161795,0.024895966998883523
600,0.05475099099930958,0.037378221000835765,0.010262469000736019,0.00971792700147489,0.06082693200005451,0.04298764499981189
700,0.08910788000139291,0.06124825200095074,0.013189336999857915,0.013061435000054189,0.0956198920011957,0.06764242600002035
800,0.12624039700131107,0.09046672000113176,0.01709086200025922,0.016942815000220435,0.14360138499978348,0.1018622299998242
900,0.17668553800103837,0.1257224019991554,0.021702334999645245,0.021376072998464224,0.2001969069988263,0.14411537699925248
