,LU,LDL,LUSparse,LDLSparse,NullSpace,RangeSpace
500,0.034223999005916994,0.025437304000661243,0.0075991089979652315,0.007135122003091965,0.036379348995978944,0.0252737420014455
600,0.05629909100389341,0.04147894200286828,0.009961461997590959,0.009882263002509717,0.0616967489986564,0.04302192999602994
700,0.08688124699983746,0.05900461599958362,0.013076199000352062,0.013836549995176028,0.09662961600406561,0.06823653299943544
800,0.12827131399535574,0.08408426200185204,0.016901397000765428,0.017013311000482645,0.1438682730004075,0.1019526699965354
900,0.18703045900474535,0.11598732799757272,0.021161612996365875,0.021316981001291424,0.20141043399780756,0.14383068100141827
