,LU,LDL,LUSparse,LDLSparse,NullSpace,RangeSpace
500,0.09648560399364214,0.04589113101246767,0.01729490100115072,0.012340246990788728,0.07074879000720102,0.04867669600935187
600,0.11840405300608836,0.07823889299470466,0.024007001004065387,0.01782868900045287,0.11924585700035095,0.08450787198671605
700,0.16388691200700123,0.11066579500038642,0.029018166998866946,0.024074385000858456,0.1928545130067505,0.13985396399220917
800,0.24845708499196917,0.1641048680030508,0.03382485400652513,0.031190127003355883,0.2787282880017301,0.2002066599961836
900,0.41140163599629886,0.22469555199495517,0.039798040001187474,0.03937297700031195,0.3979122339951573,0.2996552900003735
