,LU,LDL,LUSparse,LDLSparse,NullSpace,RangeSpace
500,0.0349201479984913,0.022850557001220295,0.007464594000339275,0.00687136700071278,0.03632927799844765,0.025319706001027953
600,0.056638209000084316,0.03773481100142817,0.010346035000111442,0.009794151003006846,0.06253920399831259,0.04383558799963794
700,0.08575162099805311,0.05711741499908385,0.012855281001975527,0.01285050600199611,0.10033089599892264,0.06964495300053386
800,0.12537769000118715,0.08402433299852419,0.016860272000485566,0.016828428000735585,0.14768383800037554,0.10367722299997695
900,0.18077734899998177,0.117586576998292,0.02135808900129632,0.02135768800144433,0.2031234830028552,0.14842641799987177
