,LU,LDL,LUSparse,LDLSparse,NullSpace,RangeSpace
500,0.04583006400207523,0.02948733100492973,0.010220002004643902,0.009434313004021533,0.0465603269985877,0.03239296399988234
600,0.07528883700433653,0.04835569400165696,0.013012308001634665,0.012962448003236204,0.07876663999923039,0.0556509659945732
700,0.11299025198968593,0.07360853999853134,0.017195251988596283,0.03601706899644341,0.12372709201008547,0.08817259299394209
800,0.16746672299632337,0.11014171999704558,0.02207602000271436,0.022604252997552976,0.18489796698850114,0.13156305100710597
900,0.23944829999527428,0.15292893299192656,0.027490053995279595,0.027572527003940195,0.26004039599501994,0.18706685499637388
