,LU,LDL,LUSparse,NullSpace,RangeSpace
1000,0.22493098499980987,0.13187200600004872,0.3532611705995805,0.2522199350001756,0.17833116019974113
1200,0.3744807899995067,0.21975301279962878,0.5935783662003814,0.4522706310002832,0.31504638379919925
1400,0.5945768742007204,0.34853233579924564,0.8284107166000467,0.6642141754004115,0.44796310480014656
1600,0.837695307800459,0.5775155865987471,1.146401653601788,1.0280935008006054,0.7605517350013542
1800,1.1702161124005215,0.7824216522007191,1.6068289670001832,1.569254917800572,0.9718272932012042
2000,1.5907766420001281,1.076393181399908,2.0614179764001164,2.105488628999592,1.3240112960011174
