,LU,LDL,LUSparse,LDLSparse,NullSpace,RangeSpace
500,0.03288724000049115,0.02275812199968641,0.007191075000264391,0.006469513999945775,0.035845090999828244,0.025041088999387284
600,0.05500712100001692,0.03690626700063149,0.010058071000457858,0.009897408000142605,0.060804312999607646,0.04324723100035044
700,0.08466175200010184,0.05758740599958401,0.012756881000314024,0.01256249400012166,0.09301992899963807,0.0674603469997237
800,0.12473363299977791,0.08364342299955752,0.016594188999988546,0.016295086999889463,0.14290922199961642,0.1009633979992941
900,0.17690873199990165,0.11896472399985214,0.021446288999868557,0.02086821200009581,0.20068012100000487,0.14389348599979712
