,LU,LDL,LUSparse,NullSpace,RangeSpace
1000,0.2497262859978946,0.16919457799667725,0.03701913200347917,0.2729443599964725,0.20026186700124526
1200,0.4200944760013954,0.3043661970004905,0.057028973002161365,0.4702070399944205,0.3432203530028346
1400,0.6617717879998963,0.46186479100288125,0.10016360900044674,0.7360171159962192,0.5416389750025701
1600,1.0058769629977178,0.7192391640055575,0.18695832999947015,1.1106842680019327,0.8098767600022256
1800,1.379315502999816,0.9199784680022276,0.34761445299955085,1.6037535240029683,1.1494646659994032
